sender_email,sender_phoneNumber,receiver_email,receiver_phoneNumber
fahadhossain0323+jmetecustomer1@gmail.com,01533392961,fahadhossain0323+jmetecustomer1@gmail.com,01533392970
fahadhossain0323+jmetecustomer2@gmail.com,01533392962,fahadhossain0323+jmetecustomer2@gmail.com,01533392969
fahadhossain0323+jmetecustomer3n@gmail.com,01995791301,fahadhossain0323+jmetecustomer3n@gmail.com,01533392968
fahadhossain0323+jmetecustomer4@gmail.com,01533392964,fahadhossain0323+jmetecustomer4@gmail.com,01533392965
fahadhossain0323+jmetecustomer5@gmail.com,01533392965,fahadhossain0323+jmetecustomer5@gmail.com,01533392966
fahadhossain0323+jmetecustomer1@gmail.com,01533392961,fahadhossain0323+jmetecustomer6@gmail.com,01533392967
fahadhossain0323+jmetecustomer2@gmail.com,01533392962,fahadhossain0323+jmetecustomer7@gmail.com,01533392968
fahadhossain0323+jmetecustomer3n@gmail.com,01995791301,fahadhossain0323+jmetecustomer8@gmail.com,01533392969
fahadhossain0323+jmetecustomer4@gmail.com,01533392964,fahadhossain0323+jmetecustomer9@gmail.com,01533392961
fahadhossain0323+jmetecustomer5@gmail.com,01533392965,fahadhossain0323+jmetecustomer10@gmail.com,01533392962